{"web":{"client_id":"1090694014728-v8tn0dfu7rh50ilgfgev6j52hqg7rovv.apps.googleusercontent.com","project_id":"catalogwebapp-255204","auth_uri":"https://accounts.google.com/o/oauth2/auth","token_uri":"https://oauth2.googleapis.com/token","auth_provider_x509_cert_url":"https://www.googleapis.com/oauth2/v1/certs","client_secret":"3D1twVVWsVDJD4kDpVTzGcTS","redirect_uris":["http://localhost:8000/gconnect","http://localhost:8000/login","http://localhost:5000/gconnect","http://localhost:5000/login"],"javascript_origins":["http://localhost:8000","http://localhost:5000"]}}
